{
  "basicAmbulance": {
    "url": "https://share.google/images/kAUX1Y4APPus7KNvc/600/400",
    "hint": "basic ambulance"
  },
  "blsAmbulance": {
    "url": "https://share.google/images/28aZNUJdqfUjPdWMH/600/400",
    "hint": "BLS ambulance"
  },
  "alsAmbulance": {
    "url": "https://share.google/images/NQqSQVgHviSOXD5Rc/600/400",
    "hint": "ALS ambulance"
  },
  "icuAmbulance": {
    "url": "https://share.google/images/pEC4otpuasRa3R9t8/600/400",
    "hint": "ICU ambulance"
  },
  "neonatalAmbulance": {
    "url": "https://share.google/images/T29FH6G3MSYkaYKue/600/400",
    "hint": "neonatal ambulance"
  },
  "disasterResponse": {
    "url": "https://share.google/images/LkZvKjUpMDzICmRM9/600/400",
    "hint": "disaster response"
  },
  "airAmbulance": {
    "url": "https://share.google/images/a2AhuoOzc4vJEfAhA/600/400",
    "hint": "air ambulance"
  },
  "fireEngine": {
    "url": "https://share.google/images/YQPMf4tU0lfwyL7vZ/600/400",
    "hint": "fire engine"
  },
  "policeCar": {
    "url": "https://share.google/images/y3dTIHJtH9VVp4rdp/600/400",
    "hint": "police car"
  }
}